{
  "latencies": {
    "rootulp": {
      "week": {
        "n": 0,
        "medianHours": null,
        "p90Hours": null
      },
      "month": {
        "n": 0,
        "medianHours": null,
        "p90Hours": null
      },
      "year": {
        "n": 169,
        "medianHours": 3.6280555555555556,
        "p90Hours": 36.657222222222224
      }
    },
    "ninabarbakadze": {
      "week": {
        "n": 0,
        "medianHours": null,
        "p90Hours": null
      },
      "month": {
        "n": 9,
        "medianHours": 6.411666666666667,
        "p90Hours": 721.4961111111111
      },
      "year": {
        "n": 278,
        "medianHours": 8.163611111111111,
        "p90Hours": 56.1975
      }
    },
    "rach-id": {
      "week": {
        "n": 0,
        "medianHours": null,
        "p90Hours": null
      },
      "month": {
        "n": 12,
        "medianHours": 1.7861111111111112,
        "p90Hours": 13.898333333333333
      },
      "year": {
        "n": 422,
        "medianHours": 1.9191666666666667,
        "p90Hours": 29.308333333333334
      }
    },
    "mcrakhman": {
      "week": {
        "n": 0,
        "medianHours": null,
        "p90Hours": null
      },
      "month": {
        "n": 5,
        "medianHours": 26.96527777777778,
        "p90Hours": 89.11916666666667
      },
      "year": {
        "n": 69,
        "medianHours": 22.17861111111111,
        "p90Hours": 229.42666666666668
      }
    },
    "vgonkivs": {
      "week": {
        "n": 0,
        "medianHours": null,
        "p90Hours": null
      },
      "month": {
        "n": 18,
        "medianHours": 3.9858333333333333,
        "p90Hours": 25.54083333333333
      },
      "year": {
        "n": 97,
        "medianHours": 14.2175,
        "p90Hours": 192.0438888888889
      }
    },
    "evan-forbes": {
      "week": {
        "n": 0,
        "medianHours": null,
        "p90Hours": null
      },
      "month": {
        "n": 0,
        "medianHours": null,
        "p90Hours": null
      },
      "year": {
        "n": 85,
        "medianHours": 8.129166666666666,
        "p90Hours": 108.07444444444444
      }
    },
    "walldiss": {
      "week": {
        "n": 0,
        "medianHours": null,
        "p90Hours": null
      },
      "month": {
        "n": 0,
        "medianHours": null,
        "p90Hours": null
      },
      "year": {
        "n": 56,
        "medianHours": 30.19333333333333,
        "p90Hours": 457.43305555555554
      }
    },
    "Wondertan": {
      "week": {
        "n": 0,
        "medianHours": null,
        "p90Hours": null
      },
      "month": {
        "n": 0,
        "medianHours": null,
        "p90Hours": null
      },
      "year": {
        "n": 30,
        "medianHours": 2.098333333333333,
        "p90Hours": 91.83944444444444
      }
    }
  },
  "teamMembers": [
    {
      "name": "Rootul",
      "github": "rootulp",
      "defaultHidden": false
    },
    {
      "name": "Nina",
      "github": "ninabarbakadze",
      "defaultHidden": false
    },
    {
      "name": "Rachid",
      "github": "rach-id",
      "defaultHidden": false
    },
    {
      "name": "Mikhail",
      "github": "mcrakhman",
      "defaultHidden": false
    },
    {
      "name": "Slava",
      "github": "vgonkivs",
      "defaultHidden": false
    },
    {
      "name": "Evan",
      "github": "evan-forbes",
      "defaultHidden": false
    },
    {
      "name": "Vlad",
      "github": "walldiss",
      "defaultHidden": true
    },
    {
      "name": "Hlib",
      "github": "Wondertan",
      "defaultHidden": true
    }
  ],
  "computedAt": "2026-07-13T01:59:24.301Z",
  "windows": {
    "weekStart": "2026-07-13T00:00:00.000Z",
    "monthStart": "2026-07-01T00:00:00.000Z",
    "yearStart": "2026-01-01T00:00:00.000Z"
  }
}